id,Tg,FFV,Tc,Density,Rg
1109053969,100.60845383836491,0.3680707119668139,0.29966715574001834,0.8805037764336977,18.23061723261012
1422188626,100.60845383836491,0.3680707119668139,0.29966715574001834,0.8805037764336977,18.23061723261012
2032016830,100.60845383836491,0.3680707119668139,0.29966715574001834,0.8805037764336977,18.23061723261012
